{"cameraMode":{"drawMode":0,"name":"Shaded","section":"Shading Mode"},"sceneLighting":false,"audioPlay":false,"sceneViewState":{"m_AlwaysRefresh":true,"showFog":true,"showSkybox":false,"showFlares":true,"showImageEffects":true,"showParticleSystems":true,"showVisualEffectGraphs":true,"m_FxEnabled":true},"in2DMode":false,"pivot":{"x":-1.5930650234222413,"y":6.488966941833496,"z":6.654098987579346},"rotation":{"x":0.0007463688962161541,"y":-0.9794363379478455,"z":0.20697739720344544,"w":0.02694002352654934},"size":5.880164623260498,"orthographic":false}