{"cameraMode":{"drawMode":0,"name":"Shaded","section":"Shading Mode"},"sceneLighting":false,"audioPlay":false,"sceneViewState":{"m_AlwaysRefresh":true,"showFog":true,"showSkybox":false,"showFlares":true,"showImageEffects":true,"showParticleSystems":true,"showVisualEffectGraphs":true,"m_FxEnabled":true},"in2DMode":false,"pivot":{"x":0.05045270919799805,"y":4.4015116691589359,"z":-0.5014842748641968},"rotation":{"x":0.2475571632385254,"y":-0.19291366636753083,"z":0.0556996688246727,"w":0.9493439197540283},"size":5.880164623260498,"orthographic":false}