{"cameraMode":{"drawMode":0,"name":"Shaded","section":"Shading Mode"},"sceneLighting":false,"audioPlay":false,"sceneViewState":{"m_AlwaysRefresh":true,"showFog":true,"showSkybox":false,"showFlares":true,"showImageEffects":true,"showParticleSystems":true,"showVisualEffectGraphs":true,"m_FxEnabled":true},"in2DMode":false,"pivot":{"x":28.636287689208986,"y":-32.057960510253909,"z":105.02059173583985},"rotation":{"x":-0.3552924692630768,"y":0.013328849337995053,"z":-0.014109059236943722,"w":-0.93684983253479},"size":124.19844818115235,"orthographic":false}