{"cameraMode":{"drawMode":0,"name":"Shaded","section":"Shading Mode"},"sceneLighting":false,"audioPlay":false,"sceneViewState":{"m_AlwaysRefresh":true,"showFog":true,"showSkybox":false,"showFlares":true,"showImageEffects":true,"showParticleSystems":true,"showVisualEffectGraphs":true,"m_FxEnabled":true},"in2DMode":false,"pivot":{"x":0.05646730586886406,"y":0.7430599927902222,"z":0.3795173764228821},"rotation":{"x":0.0020917977672070266,"y":0.9949559569358826,"z":-0.10818392783403397,"w":0.01753874495625496},"size":0.803887128829956,"orthographic":false}