{"cameraMode":{"drawMode":0,"name":"Shaded","section":"Shading Mode"},"sceneLighting":true,"audioPlay":false,"sceneViewState":{"m_AlwaysRefresh":true,"showFog":true,"showSkybox":true,"showFlares":true,"showImageEffects":true,"showParticleSystems":true,"showVisualEffectGraphs":true,"m_FxEnabled":true},"in2DMode":false,"pivot":{"x":67.07650756835938,"y":41.439476013183597,"z":15.918705940246582},"rotation":{"x":0.19310881197452546,"y":-0.7186990976333618,"z":0.22074338793754579,"w":0.6322969794273377},"size":6.4311017990112309,"orthographic":false}