{"cameraMode":{"drawMode":0,"name":"Shaded","section":"Shading Mode"},"sceneLighting":true,"audioPlay":false,"sceneViewState":{"m_AlwaysRefresh":true,"showFog":true,"showSkybox":true,"showFlares":true,"showImageEffects":true,"showParticleSystems":true,"showVisualEffectGraphs":true,"m_FxEnabled":true},"in2DMode":false,"pivot":{"x":-75.19430541992188,"y":-138.14837646484376,"z":-32.48427200317383},"rotation":{"x":0.23342116177082063,"y":-0.7571744918823242,"z":0.39635467529296877,"w":0.46480488777160647},"size":139.11436462402345,"orthographic":false}