{"cameraMode":{"drawMode":0,"name":"Shaded","section":"Shading Mode"},"sceneLighting":true,"audioPlay":false,"sceneViewState":{"m_AlwaysRefresh":true,"showFog":true,"showSkybox":true,"showFlares":true,"showImageEffects":true,"showParticleSystems":true,"showVisualEffectGraphs":true,"m_FxEnabled":true},"in2DMode":false,"pivot":{"x":48.05173873901367,"y":-25.931203842163087,"z":-35.76633834838867},"rotation":{"x":0.7085819244384766,"y":0.00423433817923069,"z":-0.004250819329172373,"w":0.7056095004081726},"size":22.065481185913087,"orthographic":true}