{"cameraMode":{"drawMode":0,"name":"Shaded","section":"Shading Mode"},"sceneLighting":true,"audioPlay":false,"sceneViewState":{"m_AlwaysRefresh":true,"showFog":true,"showSkybox":true,"showFlares":true,"showImageEffects":true,"showParticleSystems":true,"showVisualEffectGraphs":true,"m_FxEnabled":true},"in2DMode":false,"pivot":{"x":12.623579978942871,"y":22.18903160095215,"z":-0.3936503529548645},"rotation":{"x":0.3056396245956421,"y":-0.18492208421230317,"z":0.06236329302191734,"w":0.9333158731460571},"size":7.022923946380615,"orthographic":false}