{"cameraMode":{"drawMode":0,"name":"Shaded","section":"Shading Mode"},"sceneLighting":true,"audioPlay":false,"sceneViewState":{"m_AlwaysRefresh":true,"showFog":true,"showSkybox":true,"showFlares":true,"showImageEffects":true,"showParticleSystems":true,"showVisualEffectGraphs":true,"m_FxEnabled":true},"in2DMode":false,"pivot":{"x":-6.985409736633301,"y":-165.3649444580078,"z":168.28370666503907},"rotation":{"x":0.41745275259017947,"y":0.02717963419854641,"z":-0.009991442784667015,"w":0.9088509678840637},"size":139.11436462402345,"orthographic":false}